executive_order_number,title,publication_date,signing_date,citation,document_number,executive_order_notes,html_url
13489,Presidential Records,01/26/2009,01/21/2009,74 FR 4669, E9-1712,"Revokes: EO 13233, November 1, 2001",https://www.federalregister.gov/articles/2009/01/26/E9-1712/presidential-records
13490,Ethics Commitments by Executive Branch Personnel,01/26/2009,01/21/2009,74 FR 4673, E9-1719,"",https://www.federalregister.gov/articles/2009/01/26/E9-1719/ethics-commitments-by-executive-branch-personnel
13491,Ensuring Lawful Interrogations,01/27/2009,01/22/2009,74 FR 4893, E9-1885,"See: EO 13567, March 7, 2011;
; ;  Revokes: EO 13440, July 20, 2007",https://www.federalregister.gov/articles/2009/01/27/E9-1885/ensuring-lawful-interrogations
13492,Review and Disposition of Individuals Detained At the Guant[aacute]namo Bay Naval Base and Closure of Detention Facilities,01/27/2009,01/22/2009,74 FR 4897, E9-1893,"See: EO 13567, March 7, 2011",https://www.federalregister.gov/articles/2009/01/27/E9-1893/review-and-disposition-of-individuals-detained-at-the-guantaacutenamo-bay-naval-base-and-closure-of
13493,Review of Detention Policy Options,01/27/2009,01/22/2009,74 FR 4901, E9-1895,"",https://www.federalregister.gov/articles/2009/01/27/E9-1895/review-of-detention-policy-options
13494,Economy in Government Contracting,02/04/2009,01/30/2009,74 FR 6101, E9-2483,"Amended by: EO 13517, October 30, 2009",https://www.federalregister.gov/articles/2009/02/04/E9-2483/economy-in-government-contracting
13495,Nondisplacement of Qualified Workers Under Service Contracts,02/04/2009,01/30/2009,74 FR 6103, E9-2484,"Revokes: EO 13204, February 17, 2001",https://www.federalregister.gov/articles/2009/02/04/E9-2484/nondisplacement-of-qualified-workers-under-service-contracts
13496,Notification of Employee Rights Under Federal Labor Laws,02/04/2009,01/30/2009,74 FR 6107, E9-2485,"Revokes: EO 13201, February 17, 2001",https://www.federalregister.gov/articles/2009/02/04/E9-2485/notification-of-employee-rights-under-federal-labor-laws
13497,Revocation of Certain Executive Orders Concerning Regulatory Planning and Review,02/04/2009,01/30/2009,74 FR 6113, E9-2486,"Revokes: EO 13258, February 26, 2002; EO 13422, January 18, 2007;
; ;  See: EO 12866, September 30, 1993",https://www.federalregister.gov/articles/2009/02/04/E9-2486/revocation-of-certain-executive-orders-concerning-regulatory-planning-and-review
13498,Amendments to Executive Order 13199 and Establishment of the President's Advisory Council for Faith-Based and Neighborhood Partnerships,02/09/2009,02/05/2009,74 FR 6533, E9-2893,"Amends: EO 13199, July 29, 2001
; See: EO 13559, November 17, 2010; EO 13569, April 5, 2011; EO 13640, April 5, 2013; EO 13652, September 30, 2013",https://www.federalregister.gov/articles/2009/02/09/E9-2893/amendments-to-executive-order-13199-and-establishment-of-the-presidents-advisory-council-for
13499,"Further Amendments to Executive Order 12835, Establishment of the National Economic Council",02/11/2009,02/05/2009,74 FR 6979, E9-3106,"Amends: EO 12835, January 25, 1993",https://www.federalregister.gov/articles/2009/02/11/E9-3106/further-amendments-to-executive-order-12835-establishment-of-the-national-economic-council
13500,"Further Amendments to Executive Order 12859, Establishment of the Domestic Policy Council",02/11/2009,02/05/2009,74 FR 6981, E9-3108,"Amends: EO 12859, August 16, 1993",https://www.federalregister.gov/articles/2009/02/11/E9-3108/further-amendments-to-executive-order-12859-establishment-of-the-domestic-policy-council
13501,Establishment of the President's Economic Recovery Advisory Board,02/11/2009,02/06/2009,74 FR 6983, E9-3112,"Revoked by: EO 13564, January 31, 2011",https://www.federalregister.gov/articles/2009/02/11/E9-3112/establishment-of-the-presidents-economic-recovery-advisory-board
13502,Use of Project Labor Agreements for Federal Construction Projects,02/11/2009,02/06/2009,74 FR 6985, E9-3113,"Revokes: EO 13202, February 17, 2001; EO 13208, April 6, 2001",https://www.federalregister.gov/articles/2009/02/11/E9-3113/use-of-project-labor-agreements-for-federal-construction-projects
13503,Establishment of the White House Office of Urban Affairs,02/24/2009,02/19/2009,74 FR 8139, E9-4068,"",https://www.federalregister.gov/articles/2009/02/24/E9-4068/establishment-of-the-white-house-office-of-urban-affairs
13504,Amending Executive Order 13390,02/24/2009,02/20/2009,74 FR 8431, E9-4103,"Amends: EO 13390, November 1, 2005",https://www.federalregister.gov/articles/2009/02/24/E9-4103/amending-executive-order-13390
13505,Removing Barriers to Responsible Scientific Research Involving Human Stem Cells,03/11/2009,03/09/2009,74 FR 10667, E9-5441,"Revokes: EO 13435, June 20, 2007",https://www.federalregister.gov/articles/2009/03/11/E9-5441/removing-barriers-to-responsible-scientific-research-involving-human-stem-cells
13506,Establishing a White House Council on Women And Girls,03/16/2009,03/11/2009,74 FR 11271, E9-5802,"",https://www.federalregister.gov/articles/2009/03/16/E9-5802/establishing-a-white-house-council-on-women-and-girls
13507,Establishment of the White House Office of Health Reform,04/13/2009,04/08/2009,74 FR 17071, E9-8572,"Revoked by: EO 13569, April 5, 2011",https://www.federalregister.gov/articles/2009/04/13/E9-8572/establishment-of-the-white-house-office-of-health-reform
13508,Chesapeake Bay Protection and Restoration,05/15/2009,05/12/2009,74 FR 23099, E9-11547,"",https://www.federalregister.gov/articles/2009/05/15/E9-11547/chesapeake-bay-protection-and-restoration
13509,Establishing a White House Council on Automotive Communities and Workers,06/26/2009,06/23/2009,74 FR 30903, E9-15368,"Revoked by: EO 13578, July 6, 2011",https://www.federalregister.gov/articles/2009/06/26/E9-15368/establishing-a-white-house-council-on-automotive-communities-and-workers
13510,Waiver Under the Trade Act of 1974 With Respect to the Republic of Belarus,07/06/2009,07/01/2009,74 FR 32047, E9-16034,"",https://www.federalregister.gov/articles/2009/07/06/E9-16034/waiver-under-the-trade-act-of-1974-with-respect-to-the-republic-of-belarus
13511,Continuance of Certain Federal Advisory Committees,10/01/2009,09/29/2009,74 FR 50909, E9-23886,"Continues: EO 11145, March 7, 1964; EO 11183, October 3, 1964; EO 11287, June 28, 1966; EO 12131, May 4, 1979; EO 12196, February 26, 1980; EO 12216, June 18, 1980; EO 12367, February 15, 1982; EO 12382, September 13, 1982; EO 12905, March 25, 1994; EO 12994, March 21, 1996; EO 13226, September 30, 2001; EO 13231, October 16, 2001; EO 13256, February 12, 2002; EO 13265, June 6, 2002; EO 13270, July 3, 2002; ;
; ;  Supersedes in part: EO 13446, September 28, 2007;
; ;  Superseded by: EO 13585, September 30, 2011",https://www.federalregister.gov/articles/2009/10/01/E9-23886/continuance-of-certain-federal-advisory-committees
13512,Amending Executive Order 13390,10/02/2009,09/29/2009,74 FR 50911, E9-23915,"Amends: EO 13390, November 1, 2005",https://www.federalregister.gov/articles/2009/10/02/E9-23915/amending-executive-order-13390
13513,Federal Leadership On Reducing Text Messaging While Driving,10/06/2009,10/01/2009,74 FR 51225, E9-24203,"",https://www.federalregister.gov/articles/2009/10/06/E9-24203/federal-leadership-on-reducing-text-messaging-while-driving
13514,"Federal Leadership in Environmental, Energy, and Economic Performance",10/08/2009,10/05/2009,74 FR 52117, E9-24518,"See: EO 13423, January 24, 2007; EO 13677, September 23, 2014",https://www.federalregister.gov/articles/2009/10/08/E9-24518/federal-leadership-in-environmental-energy-and-economic-performance
13515,Increasing Participation of Asian Americans and Pacific Islanders in Federal Programs,10/19/2009,10/14/2009,74 FR 53635, E9-25268,"Supersedes: EO 13125, June 7, 1999; EO 13339, May 13, 2004
; Amended by: EO 13585, September 30, 2011; EO 13652, September 30, 2013
; Continued by: EO 13652, September 30, 2013",https://www.federalregister.gov/articles/2009/10/19/E9-25268/increasing-participation-of-asian-americans-and-pacific-islanders-in-federal-programs
13516,Amending Executive Order 13462,11/02/2009,10/28/2009,74 FR 56521, E9-26408,"Federal Register correction page and date: 74 FR 57241, November 5, 2009",https://www.federalregister.gov/articles/2009/11/02/E9-26408/amending-executive-order-13462
13516,Correction,11/05/2009,"",74 FR 57241, Z9-26408,"",https://www.federalregister.gov/articles/2009/11/05/Z9-26408/correction
13517,Amendments to Executive Orders 13183 and 13494,11/05/2009,10/30/2009,74 FR 57239, E9-26834,"Amends: EO 13183, December 23, 2000; EO 13494, January 30, 2009",https://www.federalregister.gov/articles/2009/11/05/E9-26834/amendments-to-executive-orders-13183-and-13494
13518,Employment of Veterans in the Federal Government,11/13/2009,11/09/2009,74 FR 58533, E9-27441,"See: EO 13583, August 18, 2011",https://www.federalregister.gov/articles/2009/11/13/E9-27441/employment-of-veterans-in-the-federal-government
13519,Establishment of the Financial Fraud Enforcement Task Force,11/19/2009,11/17/2009,74 FR 60123, E9-28022,"Terminates: EO 13271, July 9, 2002",https://www.federalregister.gov/articles/2009/11/19/E9-28022/establishment-of-the-financial-fraud-enforcement-task-force
13520,Reducing Improper Payments,11/25/2009,11/20/2009,74 FR 62201, E9-28493,"",https://www.federalregister.gov/articles/2009/11/25/E9-28493/reducing-improper-payments
13521,Establishing the Presidential Commission for the Study of Bioethical Issues,11/30/2009,11/24/2009,74 FR 62671, E9-28805,"Continued by: EO 13652, September 30, 2013
; See: EO 13591, November 23, 2011;
; ;  Supersedes: EO 13237, November 28, 2001",https://www.federalregister.gov/articles/2009/11/30/E9-28805/establishing-the-presidential-commission-for-the-study-of-bioethical-issues
13522,Creating Labor-Management Forums to Improve Delivery of Government Services,12/14/2009,12/09/2009,74 FR 66203, E9-29781,"Continued by: EO 13652, September 30, 2013
; See: EO 13591, November 23, 2011",https://www.federalregister.gov/articles/2009/12/14/E9-29781/creating-labor-management-forums-to-improve-delivery-of-government-services
13523,Correction,12/18/2009,"",74 FR 67049, Z9-30020,"",https://www.federalregister.gov/articles/2009/12/18/Z9-30020/correction
13524,"Amending Executive Order 12425 Designating Interpol as a Public International Organization Entitled To Enjoy Certain Privileges, Exemptions, and Immunities",12/21/2009,12/16/2009,74 FR 67803, E9-30413,"Amends: EO 12425, June 16, 1983",https://www.federalregister.gov/articles/2009/12/21/E9-30413/amending-executive-order-12425-designating-interpol-as-a-public-international-organization-entitled
13525,Adjustments of Certain Rates of Pay,12/30/2009,12/23/2009,74 FR 69231, E9-31098,"",https://www.federalregister.gov/articles/2009/12/30/E9-31098/adjustments-of-certain-rates-of-pay
13526,Correction,01/08/2010,"",75 FR 1013, C1-2009-31418,"",https://www.federalregister.gov/articles/2010/01/08/C1-2009-31418/correction
13526,Classified National Security Information,01/05/2010,12/29/2010,75 FR 705, E9-31418,"Federal Register correction page and date: 75 FR 1013, January 8, 2010, Executive Order 13526 - Correction;
; ;  Revokes: EO 12958, April 17, 1995; EO 13292, March 25, 2003;
; ;  See: EO 12333, December 4, 1981; Memorandum of December 29, 2009 (75 FR 733); Order of December 29, 2009 (75 FR 735); EO 13549, August 18, 2010; EO 13556, November 4, 2010; EO 13618, July 6, 2012",https://www.federalregister.gov/articles/2010/01/05/E9-31418/classified-national-security-information
13527,Establishing Federal Capability for the Timely Provision of Medical Countermeasures Following a Biological Attack,01/06/2010,12/30/2009,75 FR 737, 2010-38,"",https://www.federalregister.gov/articles/2010/01/06/2010-38/establishing-federal-capability-for-the-timely-provision-of-medical-countermeasures-following-a
13528,Establishment of the Council of Governors,01/14/2010,01/11/2010,75 FR 2053, 2010-705,"",https://www.federalregister.gov/articles/2010/01/14/2010-705/establishment-of-the-council-of-governors
13529,Ordering the Selected Reserve and Certain Individual Ready Reserve Members of the Armed Forces to Active Duty,01/21/2010,01/16/2010,75 FR 3331, 2010-1229,"",https://www.federalregister.gov/articles/2010/01/21/2010-1229/ordering-the-selected-reserve-and-certain-individual-ready-reserve-members-of-the-armed-forces-to
13530,President's Advisory Council on Financial Capability,02/03/2010,01/29/2010,75 FR 5481, 2010-2419,"Amended by: EO 13591, November 23, 2011",https://www.federalregister.gov/articles/2010/02/03/2010-2419/presidents-advisory-council-on-financial-capability
13531,National Commission on Fiscal Responsibility and Reform,02/23/2010,02/18/2010,75 FR 7927, 2010-3725,"",https://www.federalregister.gov/articles/2010/02/23/2010-3725/national-commission-on-fiscal-responsibility-and-reform
13532,"Promoting Excellence, Innovation, and Sustainability at Historically Black Colleges and Universities",03/03/2010,02/26/2010,75 FR 9747, 2010-4593,"See: EO 13591, November 23, 2011
; Amended by: EO 13569, April 5, 2011
; Continued by: EO 13652, September 30, 2013
; Revokes: EO 13256, February 12, 2002
; See: EO 13591, November 23, 2011; EO 13621, July 26, 2012",https://www.federalregister.gov/articles/2010/03/03/2010-4593/promoting-excellence-innovation-and-sustainability-at-historically-black-colleges-and-universities
13533,Providing an Order of Succession Within the Department of Defense,03/05/2010,03/01/2010,75 FR 10163, 2010-4884,"Revokes: EO 13394, December 22, 2005",https://www.federalregister.gov/articles/2010/03/05/2010-4884/providing-an-order-of-succession-within-the-department-of-defense
13534,National Export Initiative,03/16/2010,03/11/2010,75 FR 12433, 2010-5837,"See: EO 12870, September 30, 1993; EO 13630, December 6, 2012",https://www.federalregister.gov/articles/2010/03/16/2010-5837/national-export-initiative
13535,Ensuring Enforcement and Implementation of Abortion Restrictions in the Patient Protection and Affordable Care Act,03/29/2010,03/24/2010,75 FR 15597, 2010-7154,"",https://www.federalregister.gov/articles/2010/03/29/2010-7154/ensuring-enforcement-and-implementation-of-abortion-restrictions-in-the-patient-protection-and
13536,Blocking Property of Certain Persons Contributing to the Conflict in Somalia,04/15/2010,04/12/2010,75 FR 19869, 2010-8878,"See: EO 13620, July 20, 2012",https://www.federalregister.gov/articles/2010/04/15/2010-8878/blocking-property-of-certain-persons-contributing-to-the-conflict-in-somalia
13537,Interagency Group on Insular Areas,04/19/2010,04/14/2010,75 FR 20237, 2010-9078,"Supersedes: EO 13299, May 8, 2003",https://www.federalregister.gov/articles/2010/04/19/2010-9078/interagency-group-on-insular-areas
13538,Establishing the President's Management Advisory Board,04/22/2010,04/19/2010,75 FR 20895, 2010-9451,"Amended by: EO 13652, September 30, 2013
; Continued by: EO 13652, September 30, 2013
; See: EO 13591, November 23, 2011",https://www.federalregister.gov/articles/2010/04/22/2010-9451/establishing-the-presidents-management-advisory-board
13539,President's Council of Advisors on Science and Technology,04/27/2010,04/21/2010,75 FR 21973, 2010-9796,"Revokes: EO 13226, September 30, 2001;
; ;  See: EO 12968, August 2, 1995; EO 13591, November 23, 2011;
; ;  Amended by: EO 13596, December 19, 2011
; Continued by: EO 13652, September 30, 2013",https://www.federalregister.gov/articles/2010/04/27/2010-9796/presidents-council-of-advisors-on-science-and-technology
13540,Interagency Task Force on Veterans Small Business Development,04/29/2010,04/26/2010,75 FR 22497, 2010-10172,"Continued by: EO 13652, September 30, 2013
; Supersedes: EO 13299, May 8, 2003",https://www.federalregister.gov/articles/2010/04/29/2010-10172/interagency-task-force-on-veterans-small-business-development
13541,Temporary Organization To Facilitate a Strategic Partnership With the Republic of Iraq,05/12/2010,05/07/2010,75 FR 26879, 2010-11557,"",https://www.federalregister.gov/articles/2010/05/12/2010-11557/temporary-organization-to-facilitate-a-strategic-partnership-with-the-republic-of-iraq
13542,Providing an Order of Succession Within the Department of Agriculture,05/18/2010,05/13/2010,75 FR 27921, 2010-12070,"Revokes: EO 13241, December 18, 2001",https://www.federalregister.gov/articles/2010/05/18/2010-12070/providing-an-order-of-succession-within-the-department-of-agriculture
13543,National Commission on the BP Deepwater Horizon Oil Spill and Offshore Drilling,05/26/2010,05/21/2010,75 FR 29397, 2010-12805,"",https://www.federalregister.gov/articles/2010/05/26/2010-12805/national-commission-on-the-bp-deepwater-horizon-oil-spill-and-offshore-drilling
13544,"Establishing the National Prevention, Health Promotion, and Public Health Council",06/16/2010,06/10/2010,75 FR 33983, 2010-14613,"See: EO 13591, November 23, 2011; EO 13631, December 7, 2012; EO 13652, September 30, 2013",https://www.federalregister.gov/articles/2010/06/16/2010-14613/establishing-the-national-prevention-health-promotion-and-public-health-council
13545,"President's Council on Fitness, Sports, and Nutrition",06/28/2010,06/22/2010,75 FR 37281, 2010-15851,"See: EO 10830, July 24, 1959",https://www.federalregister.gov/articles/2010/06/28/2010-15851/presidents-council-on-fitness-sports-and-nutrition
13546,Optimizing the Security of Biological Select Agents and Toxins in the United States,07/08/2010,07/02/2010,75 FR 39437, 2010-16864,"",https://www.federalregister.gov/articles/2010/07/08/2010-16864/optimizing-the-security-of-biological-select-agents-and-toxins-in-the-united-states
13547,"Stewardship of the Ocean, Our Coasts, and the Great Lakes",07/22/2010,07/19/2010,75 FR 43021, 2010-18169,"Revokes: EO 13366, December 17, 2004",https://www.federalregister.gov/articles/2010/07/22/2010-18169/stewardship-of-the-ocean-our-coasts-and-the-great-lakes
13548,Increasing Federal Employment of Individuals With Disabilities,07/30/2010,07/26/2010,75 FR 45039, 2010-18988,"See: EO 13163, July 26, 2000; EO 13583, August 18, 2011",https://www.federalregister.gov/articles/2010/07/30/2010-18988/increasing-federal-employment-of-individuals-with-disabilities
13549,"Classified National Security Information Program for State, Local, Tribal, and Private Sector Entities",08/23/2010,08/18/2010,75 FR 51609, 2010-21016,"See: EO 12333, December 4, 1981; EO 12829, January 6, 1993; EO 12968, August 2, 1995; EO 13467, June 30, 2008; EO 13526, December 29, 2009; EO 13591, November 23, 2011; EO 13636, February 12, 2013
; tinued by: EO 13652, September 30, 2013",https://www.federalregister.gov/articles/2010/08/23/2010-21016/classified-national-security-information-program-for-state-local-tribal-and-private-sector-entities
13550,Establishment of Pakistan and Afghanistan Support Office,08/23/2010,08/18/2010,75 FR 51615, 2010-21020,"",https://www.federalregister.gov/articles/2010/08/23/2010-21020/establishment-of-pakistan-and-afghanistan-support-office
13551,Blocking Property of Certain Persons With Respect to North Korea,09/01/2010,08/30/2010,75 FR 53837, X10-10901,"See: EO 13466, June 26, 2008; EO 13570, April 18, 2011",https://www.federalregister.gov/articles/2010/09/01/X10-10901/blocking-property-of-certain-persons-with-respect-to-north-korea
13552,[No title available],09/03/2010,08/31/2010,75 FR 54261, 2010-22279,"See: EO 12473, April 13, 1984",https://www.federalregister.gov/articles/2010/09/03/2010-22279/no-title-available
13553,Blocking Property of Certain Persons With Respect to Serious Human Rights Abuses by the Government of Iran and Taking Certain Other Actions,10/01/2010,09/28/2010,75 FR 60567, 2010-24839,"See: EO 12957, March 15, 1995",https://www.federalregister.gov/articles/2010/10/01/2010-24839/blocking-property-of-certain-persons-with-respect-to-serious-human-rights-abuses-by-the-government
13554,Establishing the Gulf Coast Ecosystem Restoration Task Force,10/08/2010,10/05/2010,75 FR 62313, 2010-25578,"See: EO 13626, September 10, 2012",https://www.federalregister.gov/articles/2010/10/08/2010-25578/establishing-the-gulf-coast-ecosystem-restoration-task-force
13555,White House Initiative on Educational Excellence for Hispanics,10/22/2010,10/19/2010,75 FR 65415, 2010-27004,"See: EO 13634, December 21, 2012; EO 13652, September 30, 2013",https://www.federalregister.gov/articles/2010/10/22/2010-27004/white-house-initiative-on-educational-excellence-for-hispanics
13556,Controlled Unclassified Information,11/09/2010,11/04/2010,75 FR 68675, 2010-28360,"Revokes: Memorandum of May 7, 2008;
; ;  See: EO 13526, December 29, 2009",https://www.federalregister.gov/articles/2010/11/09/2010-28360/controlled-unclassified-information
13557,Providing an Order of Succession Within the Department of Justice,11/09/2010,11/04/2010,75 FR 68679, 2010-28365,"Revokes: EO 13481, December 9, 2008",https://www.federalregister.gov/articles/2010/11/09/2010-28365/providing-an-order-of-succession-within-the-department-of-justice
13558,Export Enforcement Coordination Center,11/15/2010,11/09/2010,75 FR 69573, 2010-28854,"",https://www.federalregister.gov/articles/2010/11/15/2010-28854/export-enforcement-coordination-center
13559,Fundamental Principles and Policymaking Criteria for Partnerships With Faith-Based and Other Neighborhood Organizations,11/22/2010,11/17/2010,75 FR 71317, 2010-29579,"Amends: EO 13279, December 12, 2002;
; ;  See: EO 13198, January 29, 2001; EO 13199, January 29, 2001; EO 13498, February 5, 2009",https://www.federalregister.gov/articles/2010/11/22/2010-29579/fundamental-principles-and-policymaking-criteria-for-partnerships-with-faith-based-and-other
13560,White House Council for Community Solutions,12/17/2010,12/14/2010,75 FR 78875, 2010-31878,"",https://www.federalregister.gov/articles/2010/12/17/2010-31878/white-house-council-for-community-solutions
13562,Recruiting and Hiring Students and Recent Graduates,12/30/2010,12/27/2010,75 FR 82583, 2010-33169,"Supersedes: EO 12015, October 26, 1977;
; ;  Revokes: EO 13318, November 21, 2003; EO 13162, July 6, 2000",https://www.federalregister.gov/articles/2010/12/30/2010-33169/recruiting-and-hiring-students-and-recent-graduates
13563,Improving Regulation and Regulatory Review,01/21/2011,01/18/2011,76 FR 3821, 2011-1385,"See: EO 12866, September 30, 1993; EO 13579, July 11, 2011",https://www.federalregister.gov/articles/2011/01/21/2011-1385/improving-regulation-and-regulatory-review
13564,Establishment of the President's Council on Jobs and Competitiveness,02/03/2011,01/31/2011,76 FR 6309, 2011-2577,"Revokes: EO 13501, February 6, 2009",https://www.federalregister.gov/articles/2011/02/03/2011-2577/establishment-of-the-presidents-council-on-jobs-and-competitiveness
13565,Establishment of the Intellectual Property Enforcement Advisory Committees,02/11/2011,02/08/2011,76 FR 7681, 2011-3257,"",https://www.federalregister.gov/articles/2011/02/11/2011-3257/establishment-of-the-intellectual-property-enforcement-advisory-committees
13566,Blocking Property and Prohibiting Certain Transactions Related to Libya,03/02/2011,02/25/2011,76 FR 11315, 2011-4753,"",https://www.federalregister.gov/articles/2011/03/02/2011-4753/blocking-property-and-prohibiting-certain-transactions-related-to-libya
13567,Periodic Review of Individuals Detained at Guant√°namo Bay Naval Station Pursuant to the Authorization for Use of Military Force,03/10/2011,03/07/2011,76 FR 13275, 2011-5728,"See: EO 13491, January 22, 2009; EO 13492, January 22, 2009",https://www.federalregister.gov/articles/2011/03/10/2011-5728/periodic-review-of-individuals-detained-at-guantnamo-bay-naval-station-pursuant-to-the-authorization
13568,Extending Provisions of the International Organizations Immunities Act to the Office of the High Representative in Bosnia and Herzegovina and the International Civilian Office in Kosovo,03/11/2011,03/08/2011,76 FR 13495, 2011-5903,"",https://www.federalregister.gov/articles/2011/03/11/2011-5903/extending-provisions-of-the-international-organizations-immunities-act-to-the-office-of-the-high
13569,"Amendments to Executive Orders 12824, 12835, 12859, and 13532, Reestablishment Pursuant to Executive Order 13498, and Revocation of Executive Order 13507",04/08/2011,04/05/2011,76 FR 19889, 2011-8642,"Amends: EO 12824, December 7, 1992; EO 12835, January 25, 1993; EO 12859, August 16, 1993; EO 13532, February 26, 2010;
; ;  Revokes: EO 13507, April 8, 2009;
; ;  See: EO 13498, February 5, 2009",https://www.federalregister.gov/articles/2011/04/08/2011-8642/amendments-to-executive-orders-12824-12835-12859-and-13532-reestablishment-pursuant-to-executive
13570,Prohibiting Certain Transactions With Respect to North Korea,04/20/2011,04/18/2011,76 FR 22289, 2011-9739,"See: EO 13466, June 26, 2008; EO 13551, August 30, 2010",https://www.federalregister.gov/articles/2011/04/20/2011-9739/prohibiting-certain-transactions-with-respect-to-north-korea
13571,Streamlining Service Delivery and Improving Customer Service,05/02/2011,04/27/2011,76 FR 24339, 2011-10732,"See: EO 12862, September 11, 1993; Memoranda of March 22, 1995, and March 3, 1998",https://www.federalregister.gov/articles/2011/05/02/2011-10732/streamlining-service-delivery-and-improving-customer-service
13572,Blocking Property of Certain Persons With Respect to Human Rights Abuses in Syria,05/03/2011,04/29/2011,76 FR 24787, 2011-10910,"See: EO 13338, May 11, 2004; EO 13399, April 25, 2006; EO 13460, February 13, 2008; EO 13573, May 18, 2011; EO 13582, August 17, 2011",https://www.federalregister.gov/articles/2011/05/03/2011-10910/blocking-property-of-certain-persons-with-respect-to-human-rights-abuses-in-syria
13573,Blocking Property of Senior Officials of the Government of Syria,05/20/2011,05/18/2011,76 FR 29143, 2011-12645,"See: EO 13338, May 11, 2004; EO 13399, April 25, 2006; EO 13460, February 13, 2008; EO 13572, April 29, 2011; EO 13582, August 17, 2011",https://www.federalregister.gov/articles/2011/05/20/2011-12645/blocking-property-of-senior-officials-of-the-government-of-syria
13574,"Authorizing the Implementation of Certain Sanctions Set Forth in the Iran Sanctions Act of 1996, as Amended",05/25/2011,05/23/2011,76 FR 30505, 2011-13173,"See: EO 12957, March 15, 1995",https://www.federalregister.gov/articles/2011/05/25/2011-13173/authorizing-the-implementation-of-certain-sanctions-set-forth-in-the-iran-sanctions-act-of-1996-as
13575,Establishment of the White House Rural Council,06/14/2011,06/09/2011,76 FR 34839, 2011-14919,"",https://www.federalregister.gov/articles/2011/06/14/2011-14919/establishment-of-the-white-house-rural-council
13576,"Delivering an Efficient, Effective, and Accountable Government",06/16/2011,06/13/2011,76 FR 35295, 2011-15181,"",https://www.federalregister.gov/articles/2011/06/16/2011-15181/delivering-an-efficient-effective-and-accountable-government
13577,Establishment of the SelectUSA Initiative,06/20/2011,06/15/2011,76 FR 35715, 2011-15443,"",https://www.federalregister.gov/articles/2011/06/20/2011-15443/establishment-of-the-selectusa-initiative
13578,Coordinating Policies on Automotive Communities and Workers,07/11/2011,07/06/2011,76 FR 40591, 2011-17447,"Revokes: EO 13509, June 23, 2009",https://www.federalregister.gov/articles/2011/07/11/2011-17447/coordinating-policies-on-automotive-communities-and-workers
13579,Regulation and Independent Regulatory Agencies,07/14/2011,07/11/2011,76 FR 41585, 2011-17953,"See: EO 12866, September 30, 1993; EO 13563, January 18, 2011",https://www.federalregister.gov/articles/2011/07/14/2011-17953/regulation-and-independent-regulatory-agencies
13580,Interagency Working Group on Coordination of Domestic Energy Development and Permitting in Alaska,07/15/2011,07/12/2011,76 FR 41987, 2011-18065,"See: EO 13547, June 19, 2010",https://www.federalregister.gov/articles/2011/07/15/2011-18065/interagency-working-group-on-coordination-of-domestic-energy-development-and-permitting-in-alaska
13581,Blocking Property of Transnational Criminal Organizations,07/27/2011,07/24/2011,76 FR 44757, 2011-19156,"",https://www.federalregister.gov/articles/2011/07/27/2011-19156/blocking-property-of-transnational-criminal-organizations
13582,Blocking Property of the Government of Syria and Prohibiting Certain Transactions With Respect to Syria,08/22/2011,08/17/2011,76 FR 52209, 2011-21505,"See: EO 13338, May 11, 2004; EO 13399, April 25, 2006; EO 13460, February 13, 2008; EO 13572, April 29, 2011; and EO 13573, May 18, 2011",https://www.federalregister.gov/articles/2011/08/22/2011-21505/blocking-property-of-the-government-of-syria-and-prohibiting-certain-transactions-with-respect-to
13583,Establishing a Coordinated Government-Wide Initiative to Promote Diversity and Inclusion in the Federal Workforce,08/23/2011,08/18/2011,76 FR 52845, 2011-21704,"See: EO 13078, March 13, 1998; EO 13163, July 26, 2000; EO 13171, October 12, 2000; EO 13518, November 9, 2009; and EO 13548, July 26, 2010",https://www.federalregister.gov/articles/2011/08/23/2011-21704/establishing-a-coordinated-government-wide-initiative-to-promote-diversity-and-inclusion-in-the
13584,Developing an Integrated Strategic Counterterrorism Communications Initiative and Establishing a Temporary Organization to Support Certain Government-wide Communications Activities Directed Abroad,09/15/2011,09/09/2011,76 FR 56945, 2011-23891,"",https://www.federalregister.gov/articles/2011/09/15/2011-23891/developing-an-integrated-strategic-counterterrorism-communications-initiative-and-establishing-a
13585,Continuance of Certain Federal Advisory Committees,10/07/2011,09/30/2011,76 FR 62281, 2011-26141,"See: EO 11145, March 7, 1964; EO 11183, October 3, 1964; EO 11287, June 28, 1966; EO 11612, July 26, 1971; EO 12131, May 4, 1979; EO 12216, June 18, 1980; EO 12367, June 15, 1982; EO 12382, September 13, 1982; EO 12829, January 6, 1993; EO 12905, March 25, 1994; EO 12994, March 21, 1996; EO 13231, October 16, 2001; EO 13265, June 6, 2002; EO 13270, July 3, 2002; EO 13515, October 14, 2009; EO 13592, December 2, 2011 
; Supersedes: EO 13511, September 29, 2009
; Superseded in part by: EO 13652, September 30, 2013
; Amends: EO 13515, October 14, 2009",https://www.federalregister.gov/articles/2011/10/07/2011-26141/continuance-of-certain-federal-advisory-committees
13586,Establishing an Emergency Board to Investigate Disputes Between Certain Railroads Represented by the National Carriers' Conference Committee of the National Railway Labor Conference and Their Employees Represented by Certain Labor Organizations,10/12/2011,10/06/2011,76 FR 63533, 2011-26574,"",https://www.federalregister.gov/articles/2011/10/12/2011-26574/establishing-an-emergency-board-to-investigate-disputes-between-certain-railroads-represented-by-the
13587,Structural Reforms To Improve the Security of Classified Networks and the Responsible Sharing and Safeguarding of Classified Information,10/13/2011,10/07/2011,76 FR 63811, 2011-26729,"",https://www.federalregister.gov/articles/2011/10/13/2011-26729/structural-reforms-to-improve-the-security-of-classified-networks-and-the-responsible-sharing-and
13588,Reducing Prescription Drug Shortages,11/03/2011,10/31/2011,76 FR 68295, 2011-28728,"",https://www.federalregister.gov/articles/2011/11/03/2011-28728/reducing-prescription-drug-shortages
13589,Promoting Efficient Spending,11/15/2011,11/09/2011,76 FR 70861, 2011-29683,"See: EO 13576, June 13, 2011; Memorandum of May 24, 2011",https://www.federalregister.gov/articles/2011/11/15/2011-29683/promoting-efficient-spending
13590,"Authorizing the Imposition of Certain Sanctions With Respect to the Provision of Goods, Services, Technology, or Support for Iran's Energy and Petrochemical Sectors",11/23/2011,11/20/2011,76 FR 72609, 2011-30463,"See: EO 12957, March 15, 1995",https://www.federalregister.gov/articles/2011/11/23/2011-30463/authorizing-the-imposition-of-certain-sanctions-with-respect-to-the-provision-of-goods-services
13591,Continuance of Certain Federal Advisory Committees,11/30/2011,11/23/2011,76 FR 74621, 2011-30990,"See: EO 13521, November 24, 2009; EO 13522, December 9, 2009; EO 13532, February 26, 2010; EO 13538, April 22, 2010; EO 13539, April 21, 2011; EO 13540, April 26, 2010; EO 13549, August 18, 2010; EO 13544, June 10, 2010; EO 13631, December 7, 2012",https://www.federalregister.gov/articles/2011/11/30/2011-30990/continuance-of-certain-federal-advisory-committees
13592,Improving American Indian and Alaska Native Educational Opportunities and Strengthening Tribal Colleges and Universities,12/08/2011,12/02/2011,76 FR 76603, 2011-31624,"Revokes: EO 13270, July 3, 2002; EO 13336, April 30, 2004; EO 13585, September 30, 2011",https://www.federalregister.gov/articles/2011/12/08/2011-31624/improving-american-indian-and-alaska-native-educational-opportunities-and-strengthening-tribal
13593,"2011 Amendments to the Manual for Courts-Martial, United States",12/16/2011,12/13/2011,76 FR 78449, 2011-32486,"",https://www.federalregister.gov/articles/2011/12/16/2011-32486/2011-amendments-to-the-manual-for-courts-martial-united-states
13594,Adjustments of Certain Rates of Pay,12/23/2011,12/19/2011,76 FR 80191, 2011-33087,"Supersedes: EO 13561, December 22, 2010",https://www.federalregister.gov/articles/2011/12/23/2011-33087/adjustments-of-certain-rates-of-pay
13595,"Instituting a National Action Plan On Women, Peace, And Security",12/23/2011,12/19/2011,76 FR 80205, 2011-33089,"",https://www.federalregister.gov/articles/2011/12/23/2011-33089/instituting-a-national-action-plan-on-women-peace-and-security
13596,Amendments to Executive Orders 12131 and 13539,12/27/2011,12/19/2011,76 FR 80725, 2011-33335,"Amends: EO 12131, May 4, 1979; EO 13539, April 21, 2010",https://www.federalregister.gov/articles/2011/12/27/2011-33335/amendments-to-executive-orders-12131-and-13539
13597,Establishing Visa and Foreign Visitor Processing Goals and the Task Force On Travel and Competitiveness,01/24/2012,01/19/2012,77 FR 3373, 2012-1568,"",https://www.federalregister.gov/articles/2012/01/24/2012-1568/establishing-visa-and-foreign-visitor-processing-goals-and-the-task-force-on-travel-and
13598,Assignment of Functions Relating to Certain Promotion and Appointment Actions in the Armed Forces,02/02/2012,01/27/2012,77 FR 5369, 2012-2557,"",https://www.federalregister.gov/articles/2012/02/02/2012-2557/assignment-of-functions-relating-to-certain-promotion-and-appointment-actions-in-the-armed-forces
13599,Blocking Property of the Government of Iran and Iranian Financial Institutions,02/08/2012,02/05/2012,77 FR 6657, 2012-3097,"See: EO 12957, March 15, 1995; EO 12170, November 14, 1979; EO 12281, January 19, 1981; EO 13628, October 9, 2012",https://www.federalregister.gov/articles/2012/02/08/2012-3097/blocking-property-of-the-government-of-iran-and-iranian-financial-institutions
13600,Establishing the President's Global Development Council,02/14/2012,02/09/2012,77 FR 8711, 2012-3616,"Amended by: EO 13652, September 30, 2013
; Continued by: EO 13652, September 30, 2013",https://www.federalregister.gov/articles/2012/02/14/2012-3616/establishing-the-presidents-global-development-council
13601,Establishment of the Interagency Trade Enforcement Center,03/05/2012,02/28/2012,77 FR 12981, 2012-5366,"",https://www.federalregister.gov/articles/2012/03/05/2012-5366/establishment-of-the-interagency-trade-enforcement-center
13602,"Establishing a White House Council on Strong Cities, Strong Communities",03/20/2012,03/15/2012,77 FR 16131, 2012-6797,"",https://www.federalregister.gov/articles/2012/03/20/2012-6797/establishing-a-white-house-council-on-strong-cities-strong-communities
13603,National Defense Resources Preparedness,03/22/2012,03/16/2012,77 FR 16651, 2012-7019,"See: EO 11858, May 7, 1975; EO 12472, April 3, 1984; EO 12656, November 18, 1988",https://www.federalregister.gov/articles/2012/03/22/2012-7019/national-defense-resources-preparedness
13604,Improving Performance of Federal Permitting and Review of Infrastructure Projects,03/28/2012,03/22/2012,77 FR 18885, 2012-7636,"See: EO 13563, January 18, 2011; EO 13580, July 12, 2011; EO 13616, June 14, 2012",https://www.federalregister.gov/articles/2012/03/28/2012-7636/improving-performance-of-federal-permitting-and-review-of-infrastructure-projects
13605,Supporting Safe and Responsible Development of Unconventional Domestic Natural Gas Resources,04/17/2012,04/13/2012,77 FR 23105, 2012-9473,"",https://www.federalregister.gov/articles/2012/04/17/2012-9473/supporting-safe-and-responsible-development-of-unconventional-domestic-natural-gas-resources
13606,Blocking the Property and Suspending Entry Into the United States of Certain Persons With Respect to Grave Human Rights Abuses by the Governments of Iran and Syria via Information Technology,04/24/2012,04/22/2012,77 FR 24569, 2012-10034,"See: EO 12957, March 15, 1995; EO 13338, May 11, 2004",https://www.federalregister.gov/articles/2012/04/24/2012-10034/blocking-the-property-and-suspending-entry-into-the-united-states-of-certain-persons-with-respect-to
13607,"Establishing Principles of Excellence for Educational Institutions Serving Service Members, Veterans, Spouses, and Other Family Members",05/02/2012,04/27/2012,77 FR 25861, 2012-10715,"",https://www.federalregister.gov/articles/2012/05/02/2012-10715/establishing-principles-of-excellence-for-educational-institutions-serving-service-members-veterans
13608,Prohibiting Certain Transactions With and Suspending Entry Into the United States of Foreign Sanctions Evaders With Respect to Iran and Syria,05/03/2012,05/01/2012,77 FR 26407, 2012-10884,"See: EO 12938, November 4, 1994; EO 12957, March 15, 1995; EO 13224, September 23, 2001; EO 13338, May 1, 2004",https://www.federalregister.gov/articles/2012/05/03/2012-10884/prohibiting-certain-transactions-with-and-suspending-entry-into-the-united-states-of-foreign
13609,Promoting International Regulatory Cooperation,05/04/2012,05/01/2012,77 FR 26413, 2012-10968,"See: EO 12866, September 30, 1993; EO 13563, January 18, 2011",https://www.federalregister.gov/articles/2012/05/04/2012-10968/promoting-international-regulatory-cooperation
13610,Identifying and Reducing Regulatory Burdens,05/14/2012,05/10/2012,77 FR 28467, 2012-11798,"See: EO 12866, September 30, 1993; EO 13563, January 18, 2011",https://www.federalregister.gov/articles/2012/05/14/2012-11798/identifying-and-reducing-regulatory-burdens
13611,"Blocking Property of Persons Threatening the Peace, Security, or Stability of Yemen",05/18/2012,05/16/2012,77 FR 29533, 2012-12225,"",https://www.federalregister.gov/articles/2012/05/18/2012-12225/blocking-property-of-persons-threatening-the-peace-security-or-stability-of-yemen
13612,Providing an Order of Succession Within the Department of Agriculture,05/24/2012,05/21/2012,77 FR 31153, 2012-12881,"Revokes: EO 13542, May 13, 2010",https://www.federalregister.gov/articles/2012/05/24/2012-12881/providing-an-order-of-succession-within-the-department-of-agriculture
13613,Providing an Order of Succession Within the Department of Commerce,05/24/2012,05/21/2012,77 FR 31155, 2012-12882,"Revokes: EO 13242, December 18, 2001",https://www.federalregister.gov/articles/2012/05/24/2012-12882/providing-an-order-of-succession-within-the-department-of-commerce
13614,Providing an Order of Succession Within the Environmental Protection Agency,05/24/2012,05/21/2012,77 FR 31157, 2012-12883,"Revokes: EO 13261, March 19, 2002; EO 13344, July 7, 2004",https://www.federalregister.gov/articles/2012/05/24/2012-12883/providing-an-order-of-succession-within-the-environmental-protection-agency
13615,Providing an Order of Succession Within the Office of Management and Budget,05/24/2012,05/21/2012,77 FR 31159, 2012-12889,"Revokes: EO 13370, January 13, 2005",https://www.federalregister.gov/articles/2012/05/24/2012-12889/providing-an-order-of-succession-within-the-office-of-management-and-budget
13616,Accelerating Broadband Infrastructure Deployment,06/20/2012,06/14/2012,77 FR 36903, 2012-15183,"See: EO 13604, March 2, 2012",https://www.federalregister.gov/articles/2012/06/20/2012-15183/accelerating-broadband-infrastructure-deployment
13617,Blocking Property of the Government of the Russian Federation Relating to the Disposition of Highly Enriched Uranium Extracted From Nuclear Weapons,06/27/2012,06/25/2012,77 FR 38457, 2012-15954,"See: EO 12938, November 14, 1994; EO 13085, May 26, 1998; EO 13159, June 21, 2000",https://www.federalregister.gov/articles/2012/06/27/2012-15954/blocking-property-of-the-government-of-the-russian-federation-relating-to-the-disposition-of-highly
13618,Assignment of National Security and Emergency Preparedness Communications Functions,07/11/2012,07/06/2012,77 FR 40779, 2012-17022,"Revokes: EO 12472, April 3, 1984;
; ;  Amends: EO 12382, September 13, 1982;
; ;  See: EO 12333, December 4, 1981; EO 13526, December 29, 2009",https://www.federalregister.gov/articles/2012/07/11/2012-17022/assignment-of-national-security-and-emergency-preparedness-communications-functions
13619,"Blocking Property of Persons Threatening the Peace, Security, or Stability of Burma",07/13/2012,07/11/2012,77 FR 41243, 2012-17264,"Amends: EO 13448, October 18, 2007; EO 13464, April 30, 2008
; ; See: EO 13047, May 20, 1997; EO 13310, July 28, 2003; EO 13448, October 18, 2007; EO 13464, April 30, 2008
",https://www.federalregister.gov/articles/2012/07/13/2012-17264/blocking-property-of-persons-threatening-the-peace-security-or-stability-of-burma
13620,Taking Additional Steps to Address the National Emergency With Respect to Somalia,07/24/2012,07/20/2012,77 FR 43481, 2012-18237,"See: EO 13536, April 12, 2010",https://www.federalregister.gov/articles/2012/07/24/2012-18237/taking-additional-steps-to-address-the-national-emergency-with-respect-to-somalia
13621,White House Initiative on Educational Excellence for African Americans,08/01/2012,07/26/2012,77 FR 45471, 2012-18868,"Continued by: EO 13652 , September 30, 2013
; See: EO 13532, February 26, 2010",https://www.federalregister.gov/articles/2012/08/01/2012-18868/white-house-initiative-on-educational-excellence-for-african-americans
13622,Authorizing Additional Sanctions With Respect to Iran,08/02/2012,07/30/2012,77 FR 45897, 2012-19055,"Amended by: EO 13628, October 9, 2012
; ; See: EO 12957, March 15, 1995; EO 13628, October 9, 2012",https://www.federalregister.gov/articles/2012/08/02/2012-19055/authorizing-additional-sanctions-with-respect-to-iran
13623,Preventing and Responding to Violence Against Women and Girls Globally,08/16/2012,08/10/2012,77 FR 49345, 2012-20259,"",https://www.federalregister.gov/articles/2012/08/16/2012-20259/preventing-and-responding-to-violence-against-women-and-girls-globally
13624,Accelerating Investment in Industrial Energy Efficiency,09/05/2012,08/30/2012,77 FR 54777, 2012-22030,"",https://www.federalregister.gov/articles/2012/09/05/2012-22030/accelerating-investment-in-industrial-energy-efficiency
13625,"Improving Access to Mental Health Services for Veterans, Service Members, and Military Families",09/05/2012,08/31/2012,77 FR 54783, 2012-22062,"",https://www.federalregister.gov/articles/2012/09/05/2012-22062/improving-access-to-mental-health-services-for-veterans-service-members-and-military-families
13626,Gulf Coast Ecosystem Restoration,09/13/2012,09/10/2012,77 FR 56749, 2012-22807,"See: EO 12777, October 18,1991; EO 13554, October 5, 2010",https://www.federalregister.gov/articles/2012/09/13/2012-22807/gulf-coast-ecosystem-restoration
13627,Strengthening Protections Against Trafficking in Persons in Federal Contracts,10/02/2012,09/25/2012,77 FR 60029, 2012-24374,"",https://www.federalregister.gov/articles/2012/10/02/2012-24374/strengthening-protections-against-trafficking-in-persons-in-federal-contracts
13628,Authorizing the Implementation of Certain Sanctions Set Forth in the Iran Threat Reduction and Syria Human Rights Act of 2012 and Additional Sanctions With Respect to Iran,10/12/2012,10/09/2012,77 FR 62139, 2012-25236,"Amends: EO 13622, July 30, 2012
; ; See: EO 12957, March 15, 1995; EO 12959, May 6, 1995; EO 13059, August 19, 1997; EO 13599, February 5, 2012; EO 13622, July 30, 2012",https://www.federalregister.gov/articles/2012/10/12/2012-25236/authorizing-the-implementation-of-certain-sanctions-set-forth-in-the-iran-threat-reduction-and-syria
13629,Establishing the White House Homeland Security Partnership Council,11/02/2012,10/26/2012,77 FR 66351, 2012-27002,"",https://www.federalregister.gov/articles/2012/11/02/2012-27002/establishing-the-white-house-homeland-security-partnership-council
13630,Establishment of an Interagency Task Force on Commercial Advocacy,12/11/2012,12/06/2012,77 FR 73893, 2012-30060,"See: EO 13534, March 11, 2010",https://www.federalregister.gov/articles/2012/12/11/2012-30060/establishment-of-an-interagency-task-force-on-commercial-advocacy
13631,Reestablishment of Advisory Group,12/12/2012,12/07/2012,77 FR 74099, 2012-30170,"Continued by: EO 13652, September 30, 2013
; See: EO 13544, June 10, 2010; EO 13591, November 23, 2011",https://www.federalregister.gov/articles/2012/12/12/2012-30170/reestablishment-of-advisory-group
13632,Establishing the Hurricane Sandy Rebuilding Task Force,12/14/2012,12/07/2012,77 FR 74341, 2012-30310,"",https://www.federalregister.gov/articles/2012/12/14/2012-30310/establishing-the-hurricane-sandy-rebuilding-task-force
13633,"Closing of Executive Departments and Agencies of the Federal Government on Monday, December 24, 2012",12/28/2012,12/21/2012,77 FR 76339, 2012-31225,"",https://www.federalregister.gov/articles/2012/12/28/2012-31225/closing-of-executive-departments-and-agencies-of-the-federal-government-on-monday-december-24-2012
13634,Reestablishment of Advisory Commission,12/31/2012,12/21/2012,77 FR 77247, 2012-31574,"Continued by: EO 13652, September 30, 2013
; See: EO 13555, October 19, 2010",https://www.federalregister.gov/articles/2012/12/31/2012-31574/reestablishment-of-advisory-commission
13635,Adjustments of Certain Rates of Pay,01/03/2013,12/27/2012,78 FR 649, 2013-00002,"Supersedes: EO 13594, December 19, 2011
; Superseded by EO 13641, April 5, 2013",https://www.federalregister.gov/articles/2013/01/03/2013-00002/adjustments-of-certain-rates-of-pay
13636,Improving Critical Infrastructure Cybersecurity,02/19/2013,02/12/2013,78 FR 11737, 2013-03915,"See: EO 13549, August 18, 2010; EO 12866, September 30, 1993; EO 13563, January 18, 2011 EO 13609, May 1, 2012; EO 13610, May 10, 2012",https://www.federalregister.gov/articles/2013/02/19/2013-03915/improving-critical-infrastructure-cybersecurity
13637,Administration of Reformed Export Controls,03/13/2013,03/08/2013,78 FR 16127, 2013-05967,"",https://www.federalregister.gov/articles/2013/03/13/2013-05967/administration-of-reformed-export-controls
13638,Amendments to Executive Order 12777,03/21/2013,03/15/2013,78 FR 17587, 2013-06712,"",https://www.federalregister.gov/articles/2013/03/21/2013-06712/amendments-to-executive-order-12777
13639,Establishment of the Presidential Commission on Election Administration,04/03/2013,03/28/2013,78 FR 19979, 2013-07837,"",https://www.federalregister.gov/articles/2013/04/03/2013-07837/establishment-of-the-presidential-commission-on-election-administration
13640,Continuance of Advisory Council,04/10/2013,04/05/2013,78 FR 21211, 2013-08501,"Continued by: EO 13652, September 30, 2013
; See: EO 13498, February 5, 2009; EO 13569, April 5, 2011",https://www.federalregister.gov/articles/2013/04/10/2013-08501/continuance-of-advisory-council
13641,Adjustments of Certain Rates of Pay,04/11/2013,04/05/2013,78 FR 21503, 2013-08626,"Supersedes: EO 13635, December 27, 2012
; Superseded by: EO 13655, December 23, 2013",https://www.federalregister.gov/articles/2013/04/11/2013-08626/adjustments-of-certain-rates-of-pay
13642,Making Open and Machine Readable the New Default for Government Information,05/14/2013,05/09/2013,78 FR 28111, 2013-11533,"",https://www.federalregister.gov/articles/2013/05/14/2013-11533/making-open-and-machine-readable-the-new-default-for-government-information
13643,"2013 Amendments to the Manual for Courts-Martial, United States",05/21/2013,05/15/2013,78 FR 29559, 2013-12157,"",https://www.federalregister.gov/articles/2013/05/21/2013-12157/2013-amendments-to-the-manual-for-courts-martial-united-states
13644,Amendment to Executive Order 13639,05/24/2013,05/21/2013,78 FR 31813, 2013-12650,"",https://www.federalregister.gov/articles/2013/05/24/2013-12650/amendment-to-executive-order-13639
13645,Authorizing the Implementation of Certain Sanctions Set Forth in the Iran Freedom and Counter- Proliferation Act of 2012 and Additional Sanctions With Respect To Iran,06/05/2013,06/03/2013,78 FR 33945, 2013-13523,"",https://www.federalregister.gov/articles/2013/06/05/2013-13523/authorizing-the-implementation-of-certain-sanctions-set-forth-in-the-iran-freedom-and-counter-
13646,Establishing the President's Advisory Council on Financial Capability for Young Americans,06/28/2013,06/25/2013,78 FR 39157, 2013-15782,"",https://www.federalregister.gov/articles/2013/06/28/2013-15782/establishing-the-presidents-advisory-council-on-financial-capability-for-young-americans
13647,Establishing the White House Council on Native American Affairs,07/01/2013,06/26/2013,78 FR 39539, 2013-15942,"",https://www.federalregister.gov/articles/2013/07/01/2013-15942/establishing-the-white-house-council-on-native-american-affairs
13648,Combating Wildlife Trafficking,07/05/2013,07/01/2013,78 FR 40619, 2013-16387,"",https://www.federalregister.gov/articles/2013/07/05/2013-16387/combating-wildlife-trafficking
13649,Accelerating Improvements in HIV Prevention and Care in the United States Through the HIV Care Continuum Initiative,07/18/2013,07/15/2013,78 FR 43055, 2013-17478,"",https://www.federalregister.gov/articles/2013/07/18/2013-17478/accelerating-improvements-in-hiv-prevention-and-care-in-the-united-states-through-the-hiv-care
13650,Improving Chemical Facility Safety and Security,08/07/2013,08/01/2013,78 FR 48029, 2013-19220,"",https://www.federalregister.gov/articles/2013/08/07/2013-19220/improving-chemical-facility-safety-and-security
13651,Prohibiting Certain Imports of Burmese Jadeite and Rubies,08/09/2013,08/06/2013,78 FR 48791, 2013-19520,"",https://www.federalregister.gov/articles/2013/08/09/2013-19520/prohibiting-certain-imports-of-burmese-jadeite-and-rubies
13652,Continuance Of Certain Federal Advisory Committees,10/04/2013,09/30/2013,78 FR 61817, 2013-24388,"Amends: EO 13043, April 16, 1997; EO 13231, October 16, 2001; EO 13515, October 14, 2009; EO 13538, April 19, 2010; EO 13600, February 9, 2012
; Supersedes in part: EO 13585, September 30, 2011; EO 13591, November 23, 2011
; Continues: EO 11145, March 7, 1964; EO 11183, October 3, 1964; EO 11287, June 28, 1966; EO 11612, July 26, 1971; EO 12131, May 4, 1979; EO 12216, June 19, 1980; EO 12367, June 15, 1982; EO 12382, September 13, 1982; EO 12829, January 6, 1993; EO 12905, March 25, 1994; EO 12994, March 21, 1996; EO 13231, October 16, 2001; EO 13265, June 6, 2002; EO 13515, October 14, 2009; EO 13521, November 24, 2009; EO 13522, December 9, 2009; EO 13532, February 26, 2010; EO 13538, April 19, 2010; EO 13539, April 21, 2010; EO 13540, April 26, 2010; EO 13549, August 18, 2010; EO 13600, February 9, 2012; EO 13621, July 26, 2012; EO 13631, December 7, 2012; EO 13634, December 21, 2012; EO 13640, January 5, 2013
; ee: EO 13498, February 5, 2009; EO 13544, June 10, 2010; EO 13555, October 19, 2010",https://www.federalregister.gov/articles/2013/10/04/2013-24388/continuance-of-certain-federal-advisory-committees
13653,Preparing the United States for the Impacts of Climate Change,11/06/2013,11/01/2013,78 FR 66817, 2013-26785,"See:   EO 13677, September 23, 2014; EO 13683, December 11, 2014",https://www.federalregister.gov/articles/2013/11/06/2013-26785/preparing-the-united-states-for-the-impacts-of-climate-change
13654,Establishing an Emergency Board To Investigate Disputes Between the Long Island Rail Road Company and Certain of Its Employees Represented by Certain Labor Organizations,11/26/2013,11/21/2013,78 FR 70843, 2013-28581,"See: EO 13663, March 20, 2014",https://www.federalregister.gov/articles/2013/11/26/2013-28581/establishing-an-emergency-board-to-investigate-disputes-between-the-long-island-rail-road-company
13655,Adjustments of Certain Rates of Pay,12/31/2013,12/23/2013,78 FR 80451, 2013-31445,"Supersedes: EO 13641, April 5, 2013; EO 13686, December 19, 2014",https://www.federalregister.gov/articles/2013/12/31/2013-31445/adjustments-of-certain-rates-of-pay
13656,Establishment of Afghanistan and Pakistan Strategic Partnership Office and Amendment to Executive Order 12163,01/24/2014,01/17/2014,79 FR 4261, 2014-01523,"Amends: EO 12163, September 29, 1979",https://www.federalregister.gov/articles/2014/01/24/2014-01523/establishment-of-afghanistan-and-pakistan-strategic-partnership-office-and-amendment-to-executive
13657,Changing the Name of the National Security Staff to the National Security Council Staff,02/14/2014,02/10/2014,79 FR 8823, 2014-03474,"",https://www.federalregister.gov/articles/2014/02/14/2014-03474/changing-the-name-of-the-national-security-staff-to-the-national-security-council-staff
13658,Establishing a Minimum Wage for Contractors,02/20/2014,02/12/2014,79 FR 9849, 2014-03805,"See:   EO 13673, July 31, 2014",https://www.federalregister.gov/articles/2014/02/20/2014-03805/establishing-a-minimum-wage-for-contractors
13659,Streamlining the Export/Import Process for America's Businesses,02/25/2014,02/19/2014,79 FR 10655, 2014-04254,"",https://www.federalregister.gov/articles/2014/02/25/2014-04254/streamlining-the-exportimport-process-for-americas-businesses
13660,Blocking Property of Certain Persons Contributing to the Situation in Ukraine,03/10/2014,03/06/2014,79 FR 13491, 2014-05323,"See: EO 13661, March 16, 2014; EO 13662, March 20, 2014; EO 13685, December 19, 2014 ",https://www.federalregister.gov/articles/2014/03/10/2014-05323/blocking-property-of-certain-persons-contributing-to-the-situation-in-ukraine
13661,Blocking Property of Additional Persons Contributing to the Situation in Ukraine,03/19/2014,03/16/2014,79 FR 15533, 2014-06141,"See: EO 13660, March 6, 2014; EO 13662, March 20, 2014; EO 13685, December 19, 2014",https://www.federalregister.gov/articles/2014/03/19/2014-06141/blocking-property-of-additional-persons-contributing-to-the-situation-in-ukraine
13662,Blocking Property of Additional Persons Contributing to the Situation in Ukraine,03/24/2014,03/20/2014,79 FR 16167, 2014-06612,"See: EO 13660, March 6, 2014; EO 13661, March 16, 2014; EO 13685, December 19, 2014",https://www.federalregister.gov/articles/2014/03/24/2014-06612/blocking-property-of-additional-persons-contributing-to-the-situation-in-ukraine
13663,Establishing an Emergency Board to Investigate Disputes Between the Long Island Rail Road Company and Certain of Its Employees Represented by Certain Labor Organizations,03/25/2014,03/20/2014,79 FR 16645, 2014-06768,"See: EO 13654, November 21, 2013",https://www.federalregister.gov/articles/2014/03/25/2014-06768/establishing-an-emergency-board-to-investigate-disputes-between-the-long-island-rail-road-company
13664,Blocking Property of Certain Persons With Respect to South Sudan,04/07/2014,04/03/2014,79 FR 19281, 2014-07895,"",https://www.federalregister.gov/articles/2014/04/07/2014-07895/blocking-property-of-certain-persons-with-respect-to-south-sudan
13665,Non-Retaliation for Disclosure of Compensation Information,04/11/2014,04/08/2014,79 FR 20749, 2014-08426,"",https://www.federalregister.gov/articles/2014/04/11/2014-08426/non-retaliation-for-disclosure-of-compensation-information
13666,Expanding Eligibility for the Defense Meritorious Service Medal,04/23/2014,04/18/2014,79 FR 22591, 2014-09343,"",https://www.federalregister.gov/articles/2014/04/23/2014-09343/expanding-eligibility-for-the-defense-meritorious-service-medal
13667,Blocking Property of Certain Persons Contributing to the Conflict in the Central African Republic,05/15/2014,05/12/2014,79 FR 28385, 2014-11442,"",https://www.federalregister.gov/articles/2014/05/15/2014-11442/blocking-property-of-certain-persons-contributing-to-the-conflict-in-the-central-african-republic
13668,"Ending Immunities Granted to the Development Fund for Iraq and Certain Other Iraqi Property and Interests in Property Pursuant to Executive Order 13303, as Amended",05/29/2014,05/27/2014,79 FR 31019, 2014-12651,"See: EO 13303, May 22, 2003; EO 13364, November 29, 2004; EO 13315, August 28, 2003",https://www.federalregister.gov/articles/2014/05/29/2014-12651/ending-immunities-granted-to-the-development-fund-for-iraq-and-certain-other-iraqi-property-and
13669,"2014 Amendments to the Manual for Courts-Martial, United States",06/18/2014,06/13/2014,79 FR 34999, 2014-14429,"Amends: EO 12473, April 13, 1984",https://www.federalregister.gov/articles/2014/06/18/2014-14429/2014-amendments-to-the-manual-for-courts-martial-united-states
13670,Establishing an Emergency Board To Investigate Disputes Between the Southeastern Pennsylvania Transportation Authority and Certain of Its Employees Represented by Certain Labor Organizations,06/18/2014,06/14/2014,79 FR 35029, 2014-14432,"",https://www.federalregister.gov/articles/2014/06/18/2014-14432/establishing-an-emergency-board-to-investigate-disputes-between-the-southeastern-pennsylvania
13671,Taking Additional Steps to Address the National Emergency With Respect to the Conflict in the Democratic Republic of the Congo,07/10/2014,07/08/2014,79 FR 39947, 2014-16360,"Amends: EO 13413, October 27, 2006",https://www.federalregister.gov/articles/2014/07/10/2014-16360/taking-additional-steps-to-address-the-national-emergency-with-respect-to-the-conflict-in-the
13672,"Further Amendments to Executive Order 11478, Equal Employment Opportunity in the Federal Government, and Executive Order 11246, Equal Employment Opportunity",07/23/2014,07/21/2014,79 FR 42971, 2014-17522,"Amends: EO 11246, September 24, 1965; EO 11478, August 8, 1969",https://www.federalregister.gov/articles/2014/07/23/2014-17522/further-amendments-to-executive-order-11478-equal-employment-opportunity-in-the-federal-government
13673,Fair Pay and Safe Workplaces,08/05/2014,07/31/2014,79 FR 45309, 2014-18561,"See: EO 11246, September 24, 1965; EO 13658, February 12, 2014; EO 13683, December 11, 2014 ",https://www.federalregister.gov/articles/2014/08/05/2014-18561/fair-pay-and-safe-workplaces
13674,Revised List of Quarantinable Communicable Diseases,08/06/2014,07/31/2014,79 FR 45671, 2014-18682,"",https://www.federalregister.gov/articles/2014/08/06/2014-18682/revised-list-of-quarantinable-communicable-diseases
13675,Establishing the President's Advisory Council on Doing Business in Africa,08/08/2014,08/05/2014,79 FR 46659, 2014-18998,"",https://www.federalregister.gov/articles/2014/08/08/2014-18998/establishing-the-presidents-advisory-council-on-doing-business-in-africa
13676,Combating Antibiotic-Resistant Bacteria,09/23/2014,09/18/2014,79 FR 56931, 2014-22805,"",https://www.federalregister.gov/articles/2014/09/23/2014-22805/combating-antibiotic-resistant-bacteria
13677,Climate-Resilient International Development,09/26/2014,09/23/2014,79 FR 58229, 2014-23228,"See: EO 13514, October 5, 2009; EO 13653, November 1, 2013",https://www.federalregister.gov/articles/2014/09/26/2014-23228/climate-resilient-international-development
13678,"Conversion Authority for Criminal Investigators (Special Agents) of the Bureau of Alcohol, Tobacco, Firearms, and Explosives",10/08/2014,10/03/2014,79 FR 60949, 2014-24218,"",https://www.federalregister.gov/articles/2014/10/08/2014-24218/conversion-authority-for-criminal-investigators-special-agents-of-the-bureau-of-alcohol-tobacco
13679,Establishing an Emergency Board To Investigate a Dispute Between the Southeastern Pennsylvania Transportation Authority and Its Locomotive Engineers Represented by the Brotherhood of Locomotive Engineers and Trainmen,10/17/2014,10/10/2014,79 FR 62323, 2014-24851," EO 13679, October 10, 2014",https://www.federalregister.gov/articles/2014/10/17/2014-24851/establishing-an-emergency-board-to-investigate-a-dispute-between-the-southeastern-pennsylvania
13680,Ordering the Selected Reserve and Certain Individual Ready Reserve Members of the Armed Forces to Active Duty,10/23/2014,10/16/2014,79 FR 63287, 2014-25292,"",https://www.federalregister.gov/articles/2014/10/23/2014-25292/ordering-the-selected-reserve-and-certain-individual-ready-reserve-members-of-the-armed-forces-to
13681,Improving the Security of Consumer Financial Transactions,10/23/2014,10/17/2014,79 FR 63489, 2014-25439,"",https://www.federalregister.gov/articles/2014/10/23/2014-25439/improving-the-security-of-consumer-financial-transactions
13682,"Closing of Executive Departments and Agencies of the Federal Government on Friday, December 26, 2014",12/10/2014,12/05/2014,79 FR 73457, 2014-29121,"",https://www.federalregister.gov/articles/2014/12/10/2014-29121/closing-of-executive-departments-and-agencies-of-the-federal-government-on-friday-december-26-2014
13683,"Amendments to Executive Orders 11030, 13653, and 13673",12/16/2014,12/11/2014,79 FR 75039, 2014-29625,"Amends: EO 11030, June 19, 1962; EO 13653, November 1, 2013; EO 13673, July 31, 2014
; See: EO 13653, November 1, 2013",https://www.federalregister.gov/articles/2014/12/16/2014-29625/amendments-to-executive-orders-11030-13653-and-13673
13684,Establishment of the President's Task Force on 21st Century Policing,12/23/2014,12/18/2014,79 FR 76865, 2014-30195,"",https://www.federalregister.gov/articles/2014/12/23/2014-30195/establishment-of-the-presidents-task-force-on-21st-century-policing
13685,Blocking Property of Certain Persons and Prohibiting Certain Transactions With Respect to the Crimea Region of Ukraine,12/24/2014,12/19/2014,79 FR 77357, 2014-30323,"See: EO 13660, March 6, 2014; EO 13661, March 16, 2014; EO 13662, March 20, 2014",https://www.federalregister.gov/articles/2014/12/24/2014-30323/blocking-property-of-certain-persons-and-prohibiting-certain-transactions-with-respect-to-the-crimea
13686,Adjustments of Certain Rates of Pay,12/24/2014,12/19/2014,79 FR 77361, 2014-30363,"Supersedes: EO 13655, December 23, 2013",https://www.federalregister.gov/articles/2014/12/24/2014-30363/adjustments-of-certain-rates-of-pay
13687,Imposing Additional Sanctions With Respect To North Korea,01/06/2015,01/02/2015,80 FR 817, 2015-00058,"",https://www.federalregister.gov/articles/2015/01/06/2015-00058/imposing-additional-sanctions-with-respect-to-north-korea
13688,Federal Support for Local Law Enforcement Equipment Acquisition,01/22/2015,01/16/2015,80 FR 3451, 2015-01255,"",https://www.federalregister.gov/articles/2015/01/22/2015-01255/federal-support-for-local-law-enforcement-equipment-acquisition
13689,Enhancing Coordination of National Efforts in the Arctic,01/26/2015,01/21/2015,80 FR 4189, 2015-01522,"",https://www.federalregister.gov/articles/2015/01/26/2015-01522/enhancing-coordination-of-national-efforts-in-the-arctic
13690,Establishing a Federal Flood Risk Management Standard and a Process for Further Soliciting and Considering Stakeholder Input,02/04/2015,01/30/2015,80 FR 6425, 2015-02379,"",https://www.federalregister.gov/articles/2015/02/04/2015-02379/establishing-a-federal-flood-risk-management-standard-and-a-process-for-further-soliciting-and
13691,Promoting Private Sector Cybersecurity Information Sharing,02/20/2015,02/13/2015,80 FR 9347, 2015-03714,"",https://www.federalregister.gov/articles/2015/02/20/2015-03714/promoting-private-sector-cybersecurity-information-sharing
13692,Blocking Property and Suspending Entry of Certain Persons Contributing to the Situation in Venezuela,03/11/2015,03/08/2015,80 FR 12747, 2015-05677,"",https://www.federalregister.gov/articles/2015/03/11/2015-05677/blocking-property-and-suspending-entry-of-certain-persons-contributing-to-the-situation-in-venezuela
13693,Planning for Federal Sustainability in the Next Decade,03/25/2015,03/19/2015,80 FR 15869, 2015-07016,"",https://www.federalregister.gov/articles/2015/03/25/2015-07016/planning-for-federal-sustainability-in-the-next-decade
13694,Blocking the Property of Certain Persons Engaging in Significant Malicious Cyber-Enabled Activities,04/02/2015,04/01/2015,80 FR 18077, 2015-07788,"",https://www.federalregister.gov/articles/2015/04/02/2015-07788/blocking-the-property-of-certain-persons-engaging-in-significant-malicious-cyber-enabled-activities
15323,"Half-Day Closing of Executive Departments and Agencies on Thursday, December 24, 2009",12/16/2009,12/11/2009,74 FR 66563, E9-30020,"Federal Register correction page and date: 74 FR 67049, December 18, 2009",https://www.federalregister.gov/articles/2009/12/16/E9-30020/half-day-closing-of-executive-departments-and-agencies-on-thursday-december-24-2009
